height,pressure,temperature,wind_u,wind_v
2,94770,287.5,0.399999719009411,-0.00047412276081452
6,95000,288,1.83587775411605,0.741588074298523
10,94680,287.4,0.499999648761764,-0.00059265345101815
